total_reward,mean_reward,loss,mae,mean_q,episode_steps,step
849.2909431430364,0.7576190393782662,4.860516, 42.488545, 88.331078,1121,1121
