total_reward,mean_reward,loss,mae,mean_q,episode_steps,step
492.6840289075931,0.43950404006029714,11.268980, 25.809088, 44.556630,1121,1121
946.4110843677511,0.9435803433377379,1.978051, 33.078449, 44.819691,1003,2124
