total_reward,mean_reward,loss,mae,mean_q,episode_steps,step
117.50837361985803,0.12330364493164536,3.473229, 26.521767, 38.454132,953,953
