total_reward,mean_reward,loss,mae,mean_q,episode_steps,step
96.17547265770384,0.10091864916862942,0.343230, 12.131120, 19.404886,953,953
299.0609352134362,0.31513270307000657,0.136942, 10.645937, 14.553020,949,1902
252.01648485122723,0.2669666153085034,0.086769, 6.552358, 9.011549,944,2846
97.01759832555582,0.0985951202495486,0.048530, 4.144958, 5.740721,984,3830
193.26654520779715,0.21168296298772962,0.041574, 3.041361, 4.199059,913,4743
