total_reward,mean_reward,loss,mae,mean_q,episode_steps,step
337.8897434548916,0.3545537706766963,0.221213, 1.322417, 2.049866,953,953
574.4959447914808,0.6053698048382306,0.008083, 1.477153, 2.128520,949,1902
