total_reward,mean_reward,loss,mae,mean_q,episode_steps,step
404.9725935922363,0.3515387097154829,4.257861, 28.449662, 49.693484,1152,1152
90.54963431657238,0.07935988984800384,0.042352, 20.626627, 27.820545,1141,2293
209.8910803409174,0.17549421433187073,0.147865, 13.836999, 18.629217,1196,3489
118.16103887603356,0.09854965711095376,0.083884, 9.377118, 12.638515,1199,4688
238.03421479240657,0.2115859687043614,0.070626, 7.186400, 9.689936,1125,5813
146.1996576199032,0.1246373892752798,0.047151, 5.365088, 7.213400,1173,6986
144.93871065674676,0.12451779266043536,0.042347, 4.313284, 5.797418,1164,8150
