total_reward,mean_reward,loss,mae,mean_q,episode_steps,step
58.49450285398427,0.061379331431253174,1.392734, 2.768756, 5.392714,953,953
195.4583070266894,0.20596238885847143,0.061221, 3.314265, 4.783751,949,1902
199.65780677645907,0.2115019139581134,0.039543, 3.173017, 4.397504,944,2846
197.140098273279,0.20034562832650304,0.042610, 3.063688, 4.233226,984,3830
290.40699788692905,0.3180799538739639,0.040457, 2.849548, 3.940691,913,4743
