total_reward,mean_reward,loss,mae,mean_q,episode_steps,step
237.70263360101427,0.24942563861596462,1.446924, 20.657194, 30.846314,953,953
467.00888419210713,0.4921063057872572,0.326169, 19.909210, 26.834936,949,1902
307.374932886446,0.325609039074625,0.113348, 15.167397, 20.529827,944,2846
374.14647849634,0.38023016107351626,0.132426, 11.131004, 15.178590,984,3830
492.3011853739298,0.5392126893471301,0.103866, 8.539442, 11.709495,913,4743
