total_reward,mean_reward,loss,mae,mean_q,episode_steps,step
252.74598504821935,0.265210897217439,0.698402, 17.907595, 25.657756,953,953
317.6975838869375,0.33477089977548735,0.138862, 12.906810, 17.395800,949,1902
474.9314716938427,0.5031053725570368,0.070966, 8.810816, 11.989103,944,2846
617.3507332989678,0.6273889566046421,0.079912, 6.540685, 8.973560,984,3830
696.8691066113895,0.7632739393333948,0.057936, 5.670547, 7.813239,913,4743
