total_reward,mean_reward,loss,mae,mean_q,episode_steps,step
124.96305951505343,0.13112598060341388,34.351591, 54.031121, 80.292347,953,953
251.00638772897423,0.26449566673232267,1.416601, 48.151814, 64.841255,949,1902
312.38669581742363,0.33091810997608434,1.573069, 38.163937, 51.330341,944,2846
297.35207438943314,0.30218706746893614,1.367312, 30.091951, 40.470768,984,3830
319.3897484925486,0.34982447808603356,1.025213, 23.286848, 31.348940,913,4743
