total_reward,mean_reward,loss,mae,mean_q,episode_steps,step
56.367844313179006,0.05914779046503568,12.406862, 16.284412, 24.286940,953,953
246.12892253104255,0.259356082751362,0.225222, 14.035485, 18.950171,949,1902
272.9436606143087,0.2891352337015982,0.187666, 11.465527, 15.422637,944,2846
303.8781422253322,0.30881925022899614,0.159631, 9.010893, 12.122904,984,3830
169.89013251637402,0.1860790060420307,0.135125, 7.331352, 9.946791,913,4743
