total_reward,mean_reward,loss,mae,mean_q,episode_steps,step
143.26748375779337,0.15033314140377058,19.978315, 21.650748, 33.749864,953,953
339.08915718606346,0.35731207290417644,0.359145, 19.179396, 26.088966,949,1902
368.3505557127253,0.3902018598651751,0.189887, 12.780696, 17.515757,944,2846
406.9054137464371,0.41352176193743606,0.103877, 8.842525, 12.250488,984,3830
573.5993143194717,0.6282577374802537,0.104296, 6.617321, 9.218855,913,4743
