total_reward,mean_reward,loss,mae,mean_q,episode_steps,step
75.55687987591418,0.07928318979634226,0.557755, 4.117564, 6.674769,953,953
141.58330987603296,0.14919210735093041,0.116978, 7.078530, 9.632261,949,1902
150.79786266255073,0.15974349858321052,0.130826, 6.607454, 9.010942,944,2846
70.0118289939823,0.0711502327174617,0.083225, 4.791597, 6.547842,984,3830
192.00922913494642,0.21030583694955796,0.066913, 3.762486, 5.205504,913,4743
