total_reward,mean_reward,loss,mae,mean_q,episode_steps,step
71.76287727196387,0.07530207478695054,3.267120, 22.589215, 35.256221,953,953
243.19129923857062,0.25626058929248746,0.403460, 23.738157, 31.933348,949,1902
276.5531766513205,0.29295887357131406,0.229817, 17.450626, 23.513975,944,2846
149.64681511674706,0.15208009666336084,0.202442, 12.560187, 16.960461,984,3830
220.46217660062428,0.24147007294701453,0.158730, 10.500334, 14.208790,913,4743
