total_reward,mean_reward,loss,mae,mean_q,episode_steps,step
251.91255248594334,0.26433636147528156,3.907106, 52.739637, 74.473908,953,953
472.0141445580686,0.49738055274822823,3.159343, 52.679874, 70.802391,949,1902
516.396441256346,0.547030128449519,1.716988, 44.671967, 60.006695,944,2846
514.1027274166293,0.522462121358363,1.203131, 36.572727, 49.131996,984,3830
434.0132827024587,0.47537051774639505,1.040787, 30.028580, 40.445885,913,4743
