total_reward,mean_reward,loss,mae,mean_q,episode_steps,step
75.85524638784395,0.079596271131001,1.481234, 10.233979, 15.814376,953,953
198.19364218726395,0.20884472306350257,0.169445, 10.219726, 13.745811,949,1902
178.74674249409648,0.18935036281154288,0.128043, 8.744412, 11.759411,944,2846
207.2795514840588,0.21064995069518172,0.109536, 6.939691, 9.391626,984,3830
234.83098436870605,0.2572080880270603,0.081808, 5.580879, 7.641730,913,4743
