total_reward,mean_reward,loss,mae,mean_q,episode_steps,step
167.73061765309905,0.17600274675036626,9.568715, 9.460584, 18.184629,953,953
181.27998885634304,0.19102211681384937,0.917534, 6.229331, 8.561604,949,1902
168.7700798984548,0.1787818642992106,0.175238, 5.016950, 6.895712,944,2846
148.7955137227617,0.15121495297028628,0.128448, 4.169833, 5.758993,984,3830
210.51169408705823,0.2305714064480375,0.074292, 3.476537, 4.832675,913,4743
