total_reward,mean_reward,loss,mae,mean_q,episode_steps,step
104.24206871061807,0.10938307314860238,21.176767, 8.203991, 13.173938,953,953
212.53829019963572,0.22396026364555924,32.010143, 7.922886, 11.639142,949,1902
60.05436244836593,0.063616909373269,1.440474, 2.040374, 3.443219,944,2846
83.37174628026665,0.08472738443116529,0.420213, 1.719622, 2.420046,984,3830
97.77056266178865,0.10708714420787366,0.087506, 1.216682, 1.738292,913,4743
