total_reward,mean_reward,loss,mae,mean_q,episode_steps,step
139.03938563496908,0.14589652217730228,143.547908, 16.772932, 29.442677,953,953
116.91167515589822,0.12319459974278,3.182212, 10.225104, 15.017710,949,1902
124.50563169408518,0.1318915589979716,0.345118, 6.885643, 9.653831,944,2846
60.090730599356384,0.06106781564975242,0.126217, 4.801220, 6.891755,984,3830
60.90709696210635,0.06671094957514387,0.111814, 3.502795, 5.128169,913,4743
