total_reward,mean_reward,loss,mae,mean_q,episode_steps,step
90.0283347863191,0.09446834710002006,4.624498, 2.770009, 6.400129,953,953
55.0,0.05795574288724974,2.074892, 2.886096, 5.328900,949,1902
67.88985906111883,0.07191722358169367,1.722571, 5.445194, 7.711423,944,2846
126.48395217059569,0.12854060179938587,0.222381, 4.659628, 6.428905,984,3830
191.72926289679393,0.20999919265804373,0.083053, 3.899002, 5.432635,913,4743
