total_reward,mean_reward,loss,mae,mean_q,episode_steps,step
71.94942726782061,0.07549782504493244,6.462063, 2.714941, 8.910330,953,953
247.91741802359985,0.26124069338630124,0.082453, 0.229204, 0.351767,949,1902
170.886166779885,0.18102348175835276,0.084060, 0.267848, 0.505178,944,2846
207.25456943231376,0.21062456243121316,0.078760, 0.376537, 0.610819,984,3830
230.24823899131079,0.25218865168818266,0.080129, 0.504009, 0.715862,913,4743
