total_reward,mean_reward,loss,mae,mean_q,episode_steps,step
95.7141808175171,0.10043460736360661,33.287101, 13.395126, 27.564499,953,953
146.12039526507147,0.15397301924665066,0.641977, 16.527731, 23.176146,949,1902
284.34343206808063,0.30121126278398375,0.165487, 12.614657, 17.195141,944,2846
314.7744662686237,0.3198927502729916,0.100208, 9.669882, 13.222897,984,3830
315.75696419768985,0.3458455248605584,0.084591, 7.544847, 10.338428,913,4743
