total_reward,mean_reward,loss,mae,mean_q,episode_steps,step
255.0031315798269,0.2675793615737953,0.380124, 15.206716, 20.981715,953,953
348.31780622236136,0.36703667673589185,0.299268, 9.842065, 13.508095,949,1902
316.10900866751604,0.33486123799525,0.077449, 6.406725, 8.837981,944,2846
402.5119095332355,0.40905681863133686,0.059329, 4.690113, 6.527234,984,3830
593.525946560898,0.6500831835278181,0.063034, 3.974020, 5.558197,913,4743
