total_reward,mean_reward,loss,mae,mean_q,episode_steps,step
65.76963101732763,0.06901325395312448,0.082687, 0.915652, 0.680600,953,953
109.71884369222116,0.11561521990750386,0.031596, 1.259902, 1.792430,949,1902
112.77836783644166,0.11946860999623057,0.034167, 1.318590, 1.898941,944,2846
79.68816244065542,0.08098390491936526,0.024739, 1.201068, 1.723916,984,3830
236.97789310621266,0.2595595762390062,0.024627, 1.195235, 1.777145,913,4743
