total_reward,mean_reward,loss,mae,mean_q,episode_steps,step
146.03304594309304,0.15323509542821936,14.674330, 48.826530, 70.161583,953,953
429.6744586896968,0.45276549914615044,2.584344, 50.737225, 68.019127,949,1902
425.0082896578912,0.4502206458240373,1.664090, 42.108631, 56.532665,944,2846
471.29129964280645,0.47895457280773013,1.148038, 35.536732, 47.704262,984,3830
377.5125603590943,0.4134858273374527,1.166733, 30.175114, 40.555882,913,4743
