total_reward,mean_reward,loss,mae,mean_q,episode_steps,step
268.8625182627718,0.2821222647038529,0.750486, 14.636189, 21.646856,953,953
441.5076318254963,0.46523459623339963,0.184657, 13.678386, 18.516085,949,1902
399.7378933337827,0.42345115819256646,0.141849, 10.732100, 14.544351,944,2846
336.29671625509934,0.34176495554380015,0.106426, 8.266446, 11.232404,984,3830
495.58485399762924,0.5428092595811931,0.122595, 6.603189, 9.063742,913,4743
