total_reward,mean_reward,loss,mae,mean_q
437.6936147331075,0.3904492548912645,16.282759, 3.504402, 6.124532
361.2229875610698,0.3601425598814255,1.355134, 0.275913, -0.025392
