total_reward,mean_reward
483.08563604929236,0.4309416913909834
578.9839532008115,0.5772521966109785
