total_reward,mean_reward,loss,mae,mean_q
396.40031324175015,0.3536131251041482,0.271231, 11.168578, 35.210252
441.3239279813807,0.44000391623268265,2.467400, 10.501545, 33.069134
