total_reward,mean_reward
525.6202163691703,0.5282615239891159
