total_reward,mean_reward
937.7208730240227,0.9424330382150982
1090.7903050620748,0.9501657709599954
